{"tileSize":16,"mapWidth":39,"mapHeight":32,"layers":[{"name":"Layer_0","tiles":[{"id":"0","x":0,"y":0},{"id":"1","x":4,"y":25},{"id":"1","x":3,"y":26},{"id":"1","x":4,"y":26},{"id":"1","x":5,"y":24},{"id":"1","x":5,"y":21},{"id":"1","x":5,"y":22},{"id":"1","x":2,"y":24},{"id":"1","x":2,"y":23},{"id":"1","x":3,"y":23},{"id":"1","x":4,"y":22},{"id":"1","x":4,"y":23},{"id":"1","x":2,"y":25},{"id":"1","x":3,"y":25},{"id":"1","x":4,"y":24},{"id":"1","x":5,"y":23},{"id":"1","x":5,"y":25},{"id":"1","x":5,"y":26},{"id":"2","x":6,"y":11},{"id":"3","x":7,"y":11},{"id":"4","x":8,"y":11},{"id":"5","x":9,"y":11},{"id":"6","x":10,"y":11},{"id":"7","x":11,"y":11},{"id":"8","x":12,"y":11},{"id":"9","x":6,"y":12},{"id":"10","x":7,"y":12},{"id":"11","x":8,"y":12},{"id":"12","x":6,"y":13},{"id":"13","x":7,"y":13},{"id":"14","x":8,"y":13},{"id":"15","x":6,"y":14},{"id":"16","x":7,"y":14},{"id":"17","x":8,"y":14},{"id":"18","x":6,"y":15},{"id":"19","x":7,"y":15},{"id":"3","x":15,"y":11},{"id":"4","x":16,"y":11},{"id":"5","x":17,"y":11},{"id":"6","x":18,"y":11},{"id":"7","x":19,"y":11},{"id":"8","x":20,"y":11},{"id":"10","x":15,"y":12},{"id":"11","x":16,"y":12},{"id":"20","x":17,"y":12},{"id":"21","x":18,"y":12},{"id":"22","x":19,"y":12},{"id":"23","x":20,"y":12},{"id":"14","x":16,"y":13},{"id":"24","x":17,"y":13},{"id":"25","x":18,"y":13},{"id":"26","x":19,"y":13},{"id":"17","x":16,"y":14},{"id":"1","x":17,"y":14},{"id":"27","x":18,"y":14},{"id":"6","x":14,"y":11},{"id":"6","x":13,"y":11},{"id":"21","x":13,"y":12},{"id":"21","x":14,"y":12},{"id":"28","x":14,"y":13},{"id":"28","x":15,"y":13},{"id":"28","x":13,"y":13},{"id":"28","x":14,"y":14},{"id":"28","x":15,"y":14},{"id":"28","x":13,"y":14},{"id":"3","x":23,"y":10},{"id":"4","x":24,"y":10},{"id":"5","x":25,"y":10},{"id":"6","x":26,"y":10},{"id":"7","x":27,"y":10},{"id":"8","x":28,"y":10},{"id":"10","x":23,"y":11},{"id":"11","x":24,"y":11},{"id":"20","x":25,"y":11},{"id":"21","x":26,"y":11},{"id":"22","x":27,"y":11},{"id":"29","x":27,"y":13},{"id":"30","x":27,"y":14},{"id":"31","x":27,"y":15},{"id":"3","x":31,"y":10},{"id":"4","x":32,"y":10},{"id":"5","x":33,"y":10},{"id":"6","x":34,"y":10},{"id":"7","x":35,"y":10},{"id":"8","x":36,"y":10},{"id":"32","x":37,"y":10},{"id":"10","x":31,"y":11},{"id":"11","x":32,"y":11},{"id":"20","x":33,"y":11},{"id":"21","x":34,"y":11},{"id":"22","x":35,"y":11},{"id":"23","x":36,"y":11},{"id":"33","x":37,"y":11},{"id":"34","x":36,"y":12},{"id":"35","x":37,"y":12},{"id":"17","x":32,"y":13},{"id":"36","x":36,"y":13},{"id":"37","x":37,"y":13},{"id":"28","x":32,"y":14},{"id":"38","x":36,"y":14},{"id":"39","x":37,"y":14},{"id":"40","x":32,"y":15},{"id":"41","x":20,"y":13},{"id":"41","x":21,"y":13},{"id":"41","x":22,"y":14},{"id":"41","x":21,"y":16},{"id":"41","x":20,"y":16},{"id":"41","x":22,"y":16},{"id":"41","x":23,"y":16},{"id":"41","x":22,"y":17},{"id":"41","x":28,"y":15},{"id":"41","x":29,"y":14},{"id":"41","x":28,"y":14},{"id":"41","x":28,"y":13},{"id":"41","x":29,"y":13},{"id":"41","x":30,"y":13},{"id":"41","x":31,"y":14},{"id":"41","x":30,"y":14},{"id":"7","x":21,"y":11},{"id":"7","x":22,"y":11},{"id":"21","x":21,"y":12},{"id":"21","x":22,"y":12},{"id":"21","x":28,"y":11},{"id":"21","x":29,"y":11},{"id":"21","x":30,"y":11},{"id":"8","x":29,"y":10},{"id":"8","x":30,"y":10},{"id":"42","x":31,"y":13},{"id":"42","x":24,"y":16},{"id":"42","x":10,"y":22},{"id":"30","x":11,"y":22},{"id":"31","x":11,"y":23},{"id":"12","x":6,"y":27},{"id":"13","x":7,"y":27},{"id":"15","x":6,"y":28},{"id":"16","x":7,"y":28},{"id":"18","x":6,"y":29},{"id":"19","x":7,"y":29},{"id":"43","x":6,"y":30},{"id":"44","x":7,"y":30},{"id":"40","x":8,"y":30},{"id":"45","x":9,"y":30},{"id":"46","x":10,"y":30},{"id":"47","x":6,"y":31},{"id":"48","x":7,"y":31},{"id":"49","x":8,"y":31},{"id":"50","x":9,"y":31},{"id":"51","x":10,"y":31},{"id":"52","x":11,"y":31},{"id":"0","x":12,"y":31},{"id":"27","x":18,"y":28},{"id":"28","x":16,"y":29},{"id":"41","x":17,"y":29},{"id":"42","x":18,"y":29},{"id":"40","x":16,"y":30},{"id":"45","x":17,"y":30},{"id":"46","x":18,"y":30},{"id":"14","x":32,"y":27},{"id":"26","x":35,"y":27},{"id":"29","x":35,"y":28},{"id":"30","x":35,"y":29},{"id":"31","x":35,"y":30},{"id":"53","x":36,"y":30},{"id":"54","x":37,"y":30},{"id":"48","x":31,"y":31},{"id":"49","x":32,"y":31},{"id":"50","x":33,"y":31},{"id":"51","x":34,"y":31},{"id":"52","x":35,"y":31},{"id":"0","x":36,"y":31},{"id":"55","x":37,"y":31},{"id":"25","x":34,"y":19},{"id":"27","x":34,"y":20},{"id":"42","x":34,"y":21},{"id":"46","x":34,"y":22},{"id":"0","x":36,"y":23},{"id":"42","x":12,"y":25},{"id":"42","x":11,"y":26},{"id":"42","x":13,"y":25},{"id":"42","x":12,"y":26},{"id":"42","x":12,"y":27},{"id":"42","x":12,"y":30},{"id":"42","x":13,"y":30},{"id":"42","x":14,"y":30},{"id":"42","x":15,"y":30},{"id":"42","x":15,"y":29},{"id":"42","x":14,"y":29},{"id":"42","x":14,"y":28},{"id":"42","x":15,"y":27},{"id":"42","x":14,"y":27},{"id":"42","x":11,"y":21},{"id":"42","x":15,"y":21},{"id":"42","x":12,"y":20},{"id":"42","x":9,"y":19},{"id":"42","x":15,"y":19},{"id":"42","x":21,"y":17},{"id":"42","x":20,"y":17},{"id":"42","x":18,"y":19},{"id":"42","x":21,"y":21},{"id":"42","x":16,"y":22},{"id":"42","x":21,"y":22},{"id":"42","x":16,"y":23},{"id":"42","x":27,"y":21},{"id":"42","x":33,"y":19},{"id":"42","x":33,"y":20},{"id":"42","x":34,"y":18},{"id":"42","x":33,"y":18},{"id":"42","x":30,"y":15},{"id":"42","x":31,"y":15},{"id":"42","x":29,"y":15},{"id":"42","x":27,"y":20},{"id":"42","x":27,"y":19},{"id":"42","x":27,"y":18},{"id":"42","x":28,"y":18},{"id":"42","x":33,"y":21},{"id":"42","x":33,"y":26},{"id":"42","x":32,"y":26},{"id":"42","x":31,"y":26},{"id":"42","x":32,"y":25},{"id":"42","x":30,"y":25},{"id":"42","x":31,"y":25},{"id":"42","x":30,"y":26},{"id":"42","x":26,"y":30},{"id":"42","x":25,"y":30},{"id":"42","x":27,"y":30},{"id":"42","x":25,"y":29},{"id":"42","x":31,"y":27},{"id":"42","x":25,"y":27},{"id":"42","x":25,"y":26},{"id":"42","x":22,"y":26},{"id":"42","x":17,"y":27},{"id":"42","x":24,"y":27},{"id":"42","x":21,"y":26},{"id":"42","x":13,"y":26},{"id":"42","x":14,"y":26},{"id":"42","x":19,"y":27},{"id":"42","x":21,"y":27},{"id":"42","x":20,"y":27},{"id":"42","x":18,"y":27},{"id":"42","x":16,"y":27},{"id":"42","x":15,"y":28},{"id":"42","x":16,"y":28},{"id":"42","x":17,"y":28},{"id":"42","x":19,"y":30},{"id":"42","x":20,"y":30},{"id":"42","x":21,"y":30},{"id":"42","x":23,"y":30},{"id":"42","x":24,"y":30},{"id":"42","x":22,"y":30},{"id":"42","x":19,"y":29},{"id":"42","x":19,"y":28},{"id":"42","x":21,"y":28},{"id":"42","x":22,"y":28},{"id":"42","x":23,"y":28},{"id":"42","x":23,"y":26},{"id":"42","x":24,"y":25},{"id":"42","x":30,"y":24},{"id":"42","x":32,"y":24},{"id":"42","x":33,"y":24},{"id":"42","x":33,"y":25},{"id":"42","x":34,"y":26},{"id":"42","x":34,"y":25},{"id":"42","x":34,"y":23},{"id":"42","x":34,"y":24},{"id":"42","x":35,"y":26},{"id":"42","x":35,"y":25},{"id":"42","x":35,"y":24},{"id":"42","x":35,"y":23},{"id":"42","x":35,"y":22},{"id":"42","x":35,"y":21},{"id":"42","x":35,"y":20},{"id":"42","x":35,"y":19},{"id":"42","x":35,"y":18},{"id":"42","x":35,"y":15},{"id":"42","x":35,"y":14},{"id":"42","x":35,"y":13},{"id":"42","x":35,"y":12},{"id":"42","x":34,"y":12},{"id":"42","x":33,"y":12},{"id":"42","x":32,"y":12},{"id":"42","x":31,"y":12},{"id":"42","x":30,"y":12},{"id":"42","x":29,"y":12},{"id":"42","x":28,"y":12},{"id":"42","x":27,"y":12},{"id":"42","x":22,"y":13},{"id":"42","x":21,"y":14},{"id":"42","x":20,"y":14},{"id":"42","x":19,"y":14},{"id":"42","x":8,"y":15},{"id":"42","x":8,"y":16},{"id":"42","x":9,"y":20},{"id":"42","x":10,"y":21},{"id":"42","x":10,"y":23},{"id":"42","x":10,"y":24},{"id":"42","x":10,"y":25},{"id":"42","x":10,"y":26},{"id":"42","x":10,"y":27},{"id":"42","x":11,"y":27},{"id":"42","x":11,"y":30},{"id":"42","x":13,"y":27},{"id":"42","x":14,"y":25},{"id":"42","x":15,"y":23},{"id":"42","x":15,"y":22},{"id":"42","x":16,"y":21},{"id":"42","x":16,"y":20},{"id":"42","x":13,"y":22},{"id":"42","x":11,"y":25},{"id":"42","x":11,"y":24},{"id":"42","x":13,"y":20},{"id":"42","x":13,"y":21},{"id":"42","x":12,"y":23},{"id":"42","x":12,"y":24},{"id":"42","x":14,"y":22},{"id":"42","x":14,"y":23},{"id":"42","x":14,"y":24},{"id":"42","x":13,"y":24},{"id":"42","x":13,"y":23},{"id":"42","x":12,"y":22},{"id":"42","x":12,"y":21},{"id":"42","x":10,"y":19},{"id":"42","x":10,"y":20},{"id":"42","x":11,"y":20},{"id":"42","x":11,"y":19},{"id":"42","x":12,"y":19},{"id":"42","x":13,"y":19},{"id":"42","x":14,"y":19},{"id":"42","x":14,"y":20},{"id":"42","x":14,"y":21},{"id":"42","x":15,"y":20},{"id":"42","x":16,"y":19},{"id":"42","x":17,"y":19},{"id":"42","x":17,"y":20},{"id":"42","x":17,"y":21},{"id":"42","x":17,"y":22},{"id":"42","x":17,"y":23},{"id":"42","x":18,"y":20},{"id":"42","x":18,"y":22},{"id":"42","x":18,"y":23},{"id":"42","x":19,"y":23},{"id":"42","x":19,"y":22},{"id":"42","x":20,"y":22},{"id":"42","x":20,"y":21},{"id":"42","x":21,"y":20},{"id":"42","x":21,"y":18},{"id":"42","x":20,"y":18},{"id":"42","x":20,"y":19},{"id":"42","x":19,"y":19},{"id":"42","x":18,"y":21},{"id":"42","x":19,"y":21},{"id":"42","x":19,"y":20},{"id":"42","x":20,"y":20},{"id":"42","x":21,"y":19},{"id":"42","x":22,"y":18},{"id":"42","x":22,"y":19},{"id":"42","x":22,"y":20},{"id":"42","x":22,"y":21},{"id":"42","x":24,"y":24},{"id":"42","x":25,"y":24},{"id":"42","x":25,"y":25},{"id":"42","x":30,"y":27},{"id":"42","x":30,"y":28},{"id":"42","x":30,"y":29},{"id":"42","x":30,"y":30},{"id":"42","x":29,"y":30},{"id":"42","x":28,"y":30},{"id":"42","x":25,"y":28},{"id":"42","x":24,"y":28},{"id":"42","x":24,"y":29},{"id":"42","x":23,"y":29},{"id":"42","x":22,"y":29},{"id":"42","x":21,"y":29},{"id":"42","x":20,"y":29},{"id":"42","x":20,"y":28},{"id":"42","x":22,"y":27},{"id":"42","x":23,"y":27},{"id":"42","x":24,"y":26},{"id":"42","x":31,"y":24},{"id":"42","x":22,"y":15},{"id":"42","x":21,"y":15},{"id":"42","x":20,"y":15},{"id":"15","x":6,"y":16},{"id":"16","x":7,"y":16},{"id":"15","x":6,"y":17},{"id":"16","x":7,"y":17},{"id":"15","x":6,"y":26},{"id":"16","x":7,"y":26},{"id":"15","x":6,"y":25},{"id":"16","x":7,"y":25},{"id":"15","x":6,"y":24},{"id":"16","x":7,"y":24},{"id":"15","x":6,"y":23},{"id":"16","x":7,"y":23},{"id":"15","x":6,"y":22},{"id":"16","x":7,"y":22},{"id":"15","x":6,"y":21},{"id":"16","x":7,"y":21},{"id":"15","x":6,"y":20},{"id":"16","x":7,"y":20},{"id":"15","x":6,"y":19},{"id":"16","x":7,"y":19},{"id":"15","x":6,"y":18},{"id":"16","x":7,"y":18},{"id":"34","x":36,"y":15},{"id":"35","x":37,"y":15},{"id":"35","x":37,"y":16},{"id":"35","x":37,"y":17},{"id":"34","x":36,"y":18},{"id":"35","x":37,"y":18},{"id":"34","x":36,"y":19},{"id":"35","x":37,"y":19},{"id":"34","x":36,"y":20},{"id":"35","x":37,"y":20},{"id":"34","x":36,"y":21},{"id":"35","x":37,"y":21},{"id":"35","x":38,"y":22},{"id":"35","x":38,"y":23},{"id":"35","x":38,"y":24},{"id":"35","x":38,"y":25},{"id":"34","x":36,"y":26},{"id":"35","x":37,"y":26},{"id":"34","x":36,"y":27},{"id":"35","x":37,"y":27},{"id":"34","x":36,"y":28},{"id":"35","x":37,"y":28},{"id":"34","x":36,"y":29},{"id":"35","x":37,"y":29},{"id":"49","x":13,"y":31},{"id":"50","x":14,"y":31},{"id":"51","x":15,"y":31},{"id":"49","x":16,"y":31},{"id":"50","x":17,"y":31},{"id":"51","x":18,"y":31},{"id":"49","x":19,"y":31},{"id":"50","x":20,"y":31},{"id":"51","x":21,"y":31},{"id":"49","x":22,"y":31},{"id":"50","x":23,"y":31},{"id":"51","x":24,"y":31},{"id":"49","x":25,"y":31},{"id":"50","x":26,"y":31},{"id":"51","x":27,"y":31},{"id":"49","x":28,"y":31},{"id":"50","x":29,"y":31},{"id":"51","x":30,"y":31},{"id":"1","x":8,"y":19},{"id":"1","x":8,"y":20},{"id":"1","x":9,"y":22},{"id":"1","x":9,"y":23},{"id":"1","x":8,"y":23},{"id":"1","x":8,"y":22},{"id":"1","x":8,"y":21},{"id":"1","x":9,"y":21},{"id":"56","x":32,"y":16},{"id":"57","x":33,"y":16},{"id":"58","x":34,"y":16},{"id":"59","x":35,"y":16},{"id":"60","x":33,"y":17},{"id":"61","x":34,"y":17},{"id":"62","x":35,"y":17},{"id":"63","x":25,"y":16},{"id":"56","x":26,"y":16},{"id":"57","x":27,"y":16},{"id":"58","x":28,"y":16},{"id":"59","x":29,"y":16},{"id":"60","x":27,"y":17},{"id":"61","x":28,"y":17},{"id":"58","x":30,"y":16},{"id":"58","x":31,"y":16},{"id":"38","x":36,"y":16},{"id":"38","x":36,"y":17},{"id":"38","x":36,"y":24},{"id":"38","x":36,"y":25},{"id":"38","x":36,"y":22},{"id":"38","x":37,"y":22},{"id":"38","x":37,"y":23},{"id":"38","x":37,"y":24},{"id":"38","x":37,"y":25},{"id":"64","x":25,"y":12},{"id":"65","x":26,"y":12},{"id":"66","x":25,"y":13},{"id":"67","x":26,"y":13},{"id":"68","x":25,"y":14},{"id":"69","x":26,"y":14},{"id":"70","x":25,"y":15},{"id":"71","x":26,"y":15},{"id":"64","x":23,"y":12},{"id":"65","x":24,"y":12},{"id":"66","x":23,"y":13},{"id":"67","x":24,"y":13},{"id":"68","x":23,"y":14},{"id":"69","x":24,"y":14},{"id":"70","x":23,"y":15},{"id":"71","x":24,"y":15},{"id":"72","x":33,"y":13},{"id":"73","x":34,"y":13},{"id":"74","x":33,"y":14},{"id":"75","x":34,"y":14},{"id":"76","x":33,"y":15},{"id":"77","x":34,"y":15},{"id":"78","x":15,"y":15},{"id":"79","x":16,"y":15},{"id":"80","x":17,"y":15},{"id":"81","x":18,"y":15},{"id":"82","x":19,"y":15},{"id":"83","x":15,"y":16},{"id":"84","x":16,"y":16},{"id":"85","x":17,"y":16},{"id":"86","x":18,"y":16},{"id":"87","x":19,"y":16},{"id":"88","x":15,"y":17},{"id":"89","x":16,"y":17},{"id":"90","x":17,"y":17},{"id":"91","x":18,"y":17},{"id":"92","x":19,"y":17},{"id":"93","x":14,"y":18},{"id":"94","x":15,"y":18},{"id":"95","x":16,"y":18},{"id":"96","x":17,"y":18},{"id":"97","x":18,"y":18},{"id":"98","x":19,"y":18},{"id":"63","x":8,"y":17},{"id":"99","x":8,"y":18},{"id":"100","x":9,"y":18},{"id":"60","x":10,"y":18},{"id":"61","x":11,"y":18},{"id":"62","x":12,"y":18},{"id":"101","x":13,"y":18},{"id":"102","x":9,"y":13},{"id":"103","x":10,"y":13},{"id":"104","x":11,"y":13},{"id":"105","x":12,"y":13},{"id":"106","x":9,"y":14},{"id":"107","x":10,"y":14},{"id":"108","x":11,"y":14},{"id":"109","x":12,"y":14},{"id":"110","x":9,"y":15},{"id":"111","x":10,"y":15},{"id":"112","x":11,"y":15},{"id":"113","x":12,"y":15},{"id":"114","x":9,"y":16},{"id":"20","x":9,"y":12},{"id":"20","x":10,"y":12},{"id":"20","x":11,"y":12},{"id":"20","x":12,"y":12},{"id":"17","x":10,"y":16},{"id":"1","x":11,"y":16},{"id":"28","x":10,"y":17},{"id":"41","x":11,"y":17},{"id":"112","x":13,"y":16},{"id":"112","x":13,"y":15},{"id":"115","x":12,"y":17},{"id":"113","x":12,"y":16},{"id":"114","x":9,"y":17},{"id":"59","x":13,"y":17},{"id":"59","x":14,"y":17},{"id":"59","x":14,"y":16},{"id":"41","x":14,"y":15},{"id":"116","x":33,"y":22},{"id":"100","x":29,"y":23},{"id":"60","x":30,"y":23},{"id":"61","x":31,"y":23},{"id":"62","x":32,"y":23},{"id":"117","x":33,"y":23},{"id":"99","x":15,"y":26},{"id":"100","x":16,"y":26},{"id":"60","x":17,"y":26},{"id":"61","x":18,"y":26},{"id":"63","x":8,"y":28},{"id":"56","x":9,"y":28},{"id":"57","x":10,"y":28},{"id":"58","x":11,"y":28},{"id":"59","x":12,"y":28},{"id":"116","x":13,"y":28},{"id":"99","x":8,"y":29},{"id":"100","x":9,"y":29},{"id":"60","x":10,"y":29},{"id":"61","x":11,"y":29},{"id":"62","x":12,"y":29},{"id":"117","x":13,"y":29},{"id":"118","x":29,"y":18},{"id":"119","x":30,"y":18},{"id":"120","x":31,"y":18},{"id":"121","x":32,"y":18},{"id":"122","x":30,"y":19},{"id":"123","x":31,"y":19},{"id":"124","x":32,"y":19},{"id":"125","x":30,"y":20},{"id":"126","x":31,"y":20},{"id":"127","x":32,"y":20},{"id":"128","x":30,"y":21},{"id":"129","x":31,"y":21},{"id":"130","x":32,"y":21},{"id":"131","x":30,"y":22},{"id":"132","x":31,"y":22},{"id":"133","x":32,"y":22},{"id":"63","x":23,"y":22},{"id":"56","x":24,"y":22},{"id":"57","x":25,"y":22},{"id":"58","x":26,"y":22},{"id":"59","x":27,"y":22},{"id":"100","x":24,"y":23},{"id":"60","x":25,"y":23},{"id":"61","x":26,"y":23},{"id":"62","x":27,"y":23},{"id":"117","x":28,"y":23},{"id":"134","x":31,"y":28},{"id":"135","x":32,"y":28},{"id":"136","x":31,"y":29},{"id":"137","x":32,"y":29},{"id":"138","x":31,"y":30},{"id":"139","x":32,"y":30},{"id":"116","x":28,"y":22},{"id":"140","x":29,"y":22},{"id":"141","x":29,"y":21},{"id":"142","x":29,"y":20},{"id":"143","x":29,"y":19},{"id":"144","x":8,"y":24},{"id":"145","x":9,"y":24},{"id":"146","x":8,"y":25},{"id":"147","x":9,"y":25},{"id":"148","x":8,"y":26},{"id":"149","x":9,"y":26},{"id":"150","x":8,"y":27},{"id":"151","x":9,"y":27},{"id":"144","x":33,"y":27},{"id":"145","x":34,"y":27},{"id":"146","x":33,"y":28},{"id":"147","x":34,"y":28},{"id":"148","x":33,"y":29},{"id":"149","x":34,"y":29},{"id":"150","x":33,"y":30},{"id":"151","x":34,"y":30},{"id":"61","x":29,"y":17},{"id":"61","x":30,"y":17},{"id":"61","x":31,"y":17},{"id":"61","x":32,"y":17},{"id":"61","x":26,"y":17},{"id":"61","x":25,"y":17},{"id":"152","x":20,"y":23},{"id":"153","x":21,"y":23},{"id":"154","x":22,"y":23},{"id":"83","x":23,"y":23},{"id":"155","x":20,"y":24},{"id":"156","x":21,"y":24},{"id":"157","x":22,"y":24},{"id":"88","x":23,"y":24},{"id":"158","x":20,"y":25},{"id":"94","x":23,"y":25},{"id":"153","x":19,"y":24},{"id":"157","x":19,"y":25},{"id":"159","x":15,"y":24},{"id":"160","x":16,"y":24},{"id":"161","x":17,"y":24},{"id":"162","x":18,"y":24},{"id":"163","x":15,"y":25},{"id":"164","x":16,"y":25},{"id":"165","x":17,"y":25},{"id":"166","x":18,"y":25},{"id":"167","x":26,"y":24},{"id":"168","x":27,"y":24},{"id":"169","x":28,"y":24},{"id":"170","x":29,"y":24},{"id":"118","x":26,"y":25},{"id":"119","x":27,"y":25},{"id":"120","x":28,"y":25},{"id":"121","x":29,"y":25},{"id":"143","x":26,"y":26},{"id":"122","x":27,"y":26},{"id":"123","x":28,"y":26},{"id":"124","x":29,"y":26},{"id":"142","x":26,"y":27},{"id":"125","x":27,"y":27},{"id":"126","x":28,"y":27},{"id":"127","x":29,"y":27},{"id":"141","x":26,"y":28},{"id":"128","x":27,"y":28},{"id":"129","x":28,"y":28},{"id":"130","x":29,"y":28},{"id":"140","x":26,"y":29},{"id":"131","x":27,"y":29},{"id":"132","x":28,"y":29},{"id":"133","x":29,"y":29}],"collider":false}]}